[{"comment":"DENNA LEKTION H\u00c5LLS UNDANTAGSVIS I MS TEAMS:  https://teams.microsoft.com/l/meetup-join/19%3ameeting_NGM3MWM1N2ItYmNhYS00NjJkLTk5NWYtMjNjNjIyMmM5ZTQw%40thread.v2/0?context=%7b%22Tid%22%3a%2286080f64-b23d-4f93-8c43-e65f2588b9c3%22%2c%22Oid%22%3a%2257992f7e-2918-4681-b791-80e0fd95d293%22%7d","endTime":"2021-01-28 12:00","name":"Datorseende","room":"","startTime":"2021-01-28 10:00"},{"comment":"DENNA LEKTION H\u00c5LLS UNDANTAGSVIS I MS TEAMS:  https://teams.microsoft.com/l/meetup-join/19%3ameeting_MWQ2YjgyMDgtNmJkMS00NDRhLWJjY2YtOGY3NTdhN2IzODJh%40thread.v2/0?context=%7b%22Tid%22%3a%2286080f64-b23d-4f93-8c43-e65f2588b9c3%22%2c%22Oid%22%3a%2257992f7e-2918-4681-b791-80e0fd95d293%22%7d","endTime":"2021-01-29 14:00","name":"Datorseende","room":"","startTime":"2021-01-29 11:15"},{"comment":"F\u00d6REL\u00c4SNINGEN H\u00c5LLS I ZOOM: --------------------------- https://arcada.zoom.us/j/64693138980?pwd=dkJMUUM2eGYzZjNxcUFQeExSdmNSdz09","endTime":"2021-01-29 11:00","name":"Deskriptiv analytik - Data/Text mining","room":"","startTime":"2021-01-29 09:00"},{"comment":"Kursen h\u00e5lls online. L\u00e4nken till f\u00f6rel\u00e4sningen publiceras p\u00e5 Itslearning i god tid f\u00f6re varje f\u00f6rel\u00e4sning","endTime":"2021-02-01 17:00","name":"Cloud Native Apps - Online support (optional)","room":"","startTime":"2021-02-01 15:00"},{"comment":"https://arcada.zoom.us/j/68792537791?pwd=b2NrNHpycTVFNXFISS9wdmZVM29FZz09   Meeting ID: 687 9253 7791  Passcode: 575730","endTime":"2021-02-01 13:00","name":"Datorseende","room":"","startTime":"2021-02-01 10:15"},{"comment":"https://arcada.zoom.us/j/68792537791?pwd=b2NrNHpycTVFNXFISS9wdmZVM29FZz09   Meeting ID: 687 9253 7791  Passcode: 575730","endTime":"2021-02-04 13:00","name":"Datorseende","room":"","startTime":"2021-02-04 10:15"},{"comment":"F\u00d6REL\u00c4SNINGEN H\u00c5LLS I ZOOM: --------------------------- https://arcada.zoom.us/j/67343981954?pwd=UFFoQ1RVNHloY1RRZXQ2MzQ1WEw4Zz09","endTime":"2021-02-05 16:00","name":"Deskriptiv analytik - Data/Text mining","room":"","startTime":"2021-02-05 11:00"},{"comment":"https://arcada.zoom.us/j/68792537791?pwd=b2NrNHpycTVFNXFISS9wdmZVM29FZz09   Meeting ID: 687 9253 7791  Passcode: 575730","endTime":"2021-02-08 13:00","name":"Datorseende","room":"","startTime":"2021-02-08 10:15"},{"comment":"Kursen h\u00e5lls online. L\u00e4nken till f\u00f6rel\u00e4sningen publiceras p\u00e5 Itslearning i god tid f\u00f6re varje f\u00f6rel\u00e4sning","endTime":"2021-02-08 17:00","name":"Cloud Native Apps","room":"","startTime":"2021-02-08 15:00"},{"comment":"https://arcada.zoom.us/j/68792537791?pwd=b2NrNHpycTVFNXFISS9wdmZVM29FZz09   Meeting ID: 687 9253 7791  Passcode: 575730","endTime":"2021-02-10 13:00","name":"Datorseende","room":"","startTime":"2021-02-10 10:15"},{"comment":"F\u00d6REL\u00c4SNINGEN H\u00c5LLS I ZOOM: --------------------------- https://arcada.zoom.us/j/65217069987?pwd=Wld0MVh2MjlrTDBIU3ZYdi95ZUtVdz09","endTime":"2021-02-12 14:00","name":"Deskriptiv analytik - Data/Text mining","room":"","startTime":"2021-02-12 09:00"},{"comment":"Kursen h\u00e5lls online. L\u00e4nken till f\u00f6rel\u00e4sningen publiceras p\u00e5 Itslearning i god tid f\u00f6re varje f\u00f6rel\u00e4sning","endTime":"2021-02-15 17:00","name":"Cloud Native Apps - Online support (optional)","room":"","startTime":"2021-02-15 15:00"},{"comment":"https://arcada.zoom.us/j/68792537791?pwd=b2NrNHpycTVFNXFISS9wdmZVM29FZz09   Meeting ID: 687 9253 7791  Passcode: 575730","endTime":"2021-02-15 14:00","name":"Datorseende","room":"","startTime":"2021-02-15 11:15"},{"comment":"https://arcada.zoom.us/j/68792537791?pwd=b2NrNHpycTVFNXFISS9wdmZVM29FZz09   Meeting ID: 687 9253 7791  Passcode: 575730","endTime":"2021-02-17 14:00","name":"Datorseende","room":"","startTime":"2021-02-17 11:15"},{"comment":"Kursen h\u00e5lls online. L\u00e4nken till f\u00f6rel\u00e4sningen publiceras p\u00e5 Itslearning i god tid f\u00f6re varje f\u00f6rel\u00e4sning","endTime":"2021-02-22 17:00","name":"Cloud Native Apps","room":"","startTime":"2021-02-22 15:00"},{"comment":"Kursen h\u00e5lls online. L\u00e4nken till f\u00f6rel\u00e4sningen publiceras p\u00e5 Itslearning i god tid f\u00f6re varje f\u00f6rel\u00e4sning","endTime":"2021-03-01 17:00","name":"Cloud Native Apps - Online support (optional)","room":"","startTime":"2021-03-01 15:00"},{"comment":"https://arcada.zoom.us/j/68792537791?pwd=b2NrNHpycTVFNXFISS9wdmZVM29FZz09   Meeting ID: 687 9253 7791  Passcode: 575730","endTime":"2021-03-01 14:00","name":"Datorseende","room":"","startTime":"2021-03-01 11:15"},{"comment":"https://arcada.zoom.us/j/68792537791?pwd=b2NrNHpycTVFNXFISS9wdmZVM29FZz09   Meeting ID: 687 9253 7791  Passcode: 575730","endTime":"2021-03-03 14:00","name":"Datorseende","room":"","startTime":"2021-03-03 11:15"},{"comment":"Kursen h\u00e5lls online. L\u00e4nken till f\u00f6rel\u00e4sningen publiceras p\u00e5 Itslearning i god tid f\u00f6re varje f\u00f6rel\u00e4sning","endTime":"2021-03-08 17:00","name":"Cloud Native Apps","room":"","startTime":"2021-03-08 15:00"},{"comment":"https://arcada.zoom.us/j/68792537791?pwd=b2NrNHpycTVFNXFISS9wdmZVM29FZz09   Meeting ID: 687 9253 7791  Passcode: 575730","endTime":"2021-03-08 14:00","name":"Datorseende","room":"","startTime":"2021-03-08 11:15"},{"comment":"https://arcada.zoom.us/j/68792537791?pwd=b2NrNHpycTVFNXFISS9wdmZVM29FZz09   Meeting ID: 687 9253 7791  Passcode: 575730","endTime":"2021-03-11 14:00","name":"Datorseende","room":"","startTime":"2021-03-11 11:15"},{"comment":"30min per person/arbetspar. Anm\u00e4l dej/din grupp p\u00e5 Itslearning","endTime":"2021-03-15 14:00","name":"Datorseende - Projektfeedbacktillf\u00e4lle 1","room":"","startTime":"2021-03-15 07:00"},{"comment":"30min per person/arbetspar. Anm\u00e4l dej/din grupp p\u00e5 Itslearning","endTime":"2021-03-17 14:00","name":"Datorseende - Projektfeedbacktillf\u00e4lle 2","room":"","startTime":"2021-03-17 07:00"},{"comment":"30min per person/arbetspar. Anm\u00e4l dej/din grupp p\u00e5 Itslearning","endTime":"2021-03-18 14:00","name":"Datorseende - Projektfeedbacktillf\u00e4lle 3","room":"","startTime":"2021-03-18 07:00"}]
